Page URL,Page Title,ILR,Raw ILR,Unique Pageviews,Crawl Depth,HTTP Status Code,"Page (HTML) Load Time, sec",Schema.org (Microdata),Schema.org (JSON-LD),Open Graph,Twitter Cards,Microformats,Canonicalization,In sitemap,Incoming Internal Links,Outgoing Internal Links,Outgoing External Links,AMP link,Hreflang Links,Hreflang Issues,JS and CSS Number,"JS and CSS Size, KB",Issues,Description,Blocked AI search bots
https://headon.pro,"Kreativ- & Digitalagentur für Web, Apps & Design | Ab 2.500€",69,0.00480915182903106,n/a,2,200,0.216,0,1,1,1,0,Self-canonical,1,7,22,1,0,-,-,18,0,20,"website erstellen lassen im main-tauber-kreis. webdesign & app-entwicklung zu festpreisen ab 2.500€. ki-gestützt, 4x schneller. professionelle digitalagentur.",
https://headon.pro/,"Kreativ- & Digitalagentur für Web, Apps & Design | Ab 2.500€",95,0.025180160480478032,n/a,0,200,0.113,0,1,1,1,0,Self-canonical,0,108,22,1,0,-,-,18,0,20,"website erstellen lassen im main-tauber-kreis. webdesign & app-entwicklung zu festpreisen ab 2.500€. ki-gestützt, 4x schneller. professionelle digitalagentur.",
https://headon.pro/about,Über uns - HEADON Digitalagentur aus Lauda-Königshofen,90,0.024919076545222674,n/a,1,200,0.199,0,1,1,1,0,Self-canonical,1,107,16,0,0,-,-,20,0,21,"moderne digitalagentur für web, mobile & ki-integration. technologie-agnostisch mit next.js, react, vue, flutter und mehr. regional verwurzelt in lauda-königshofen.",
https://headon.pro/blog,"Blog - Web Development, Design & Innovation | HEADON",99,0.02528845439209749,n/a,1,200,0.284,0,1,1,1,0,Self-canonical,1,107,28,0,0,-,-,19,0,20,"headon blog: insights, trends und best practices zu web development, ui/ux design, mobile apps und digitaler innovation. expertenwissen für digitalexperten.",
https://headon.pro/blog/app-performance-best-practices,,-,0.0038894841353962805,n/a,3,404,0.16,0,0,0,0,0,-,0,1,0,0,0,-,-,0,0,1,-,
https://headon.pro/blog/caching-strategien-web-apps,"Caching-Strategien für moderne Web-Apps: Redis, CDN und Browser-Cache | HEADON Blog",58,0.0046349027105539314,n/a,2,200,0.21,0,1,1,1,0,Self-canonical,1,5,21,3,0,-,-,21,0,28,"praktischer guide zu caching: browser cache, cdn, redis, service workers und next.js caching für dramatisch schnellere web-anwendungen.",
https://headon.pro/blog/cms-vergleich-2025,,-,0.0038602521375707037,n/a,4,404,0.127,0,0,0,0,0,-,0,1,0,0,0,-,-,0,0,2,-,
https://headon.pro/blog/core-web-vitals-optimierung,Core Web Vitals optimieren 2025: Mehr Traffic & bessere Rankings | HEADON Blog,12,0.0041416780698166145,n/a,3,200,0.125,0,1,1,1,0,Self-canonical,1,4,22,6,0,-,-,21,0,28,"core web vitals sind google-rankingfaktor! erfahren sie, wie sie lcp, fid und cls optimieren und ihre website-performance messbar verbessern – für mehr traffic und conversions.",
https://headon.pro/blog/design-systems-skalierbar,Design Systems: Skalierbare UI-Komponenten mit React und Tailwind | HEADON Blog,40,0.004386956680808686,n/a,2,200,0.211,0,1,1,1,0,Self-canonical,1,2,21,3,0,-,-,21,0,28,"kompletter guide zum aufbau eines design systems: komponenten-bibliothek, tailwind css, shadcn/ui und best practices für enterprise-apps.",
https://headon.pro/blog/dsgvo-konforme-website-checkliste,DSGVO-konforme Webseite 2025: Die komplette Compliance-Checkliste | HEADON Blog,7,0.004037037176019599,n/a,3,200,0.317,0,1,1,1,0,Self-canonical,1,3,20,16,0,-,-,21,0,29,"dsgvo-konforme webseite: 15-punkte-checkliste für rechtssichere webseiten, cookie-banner best practices, datenschutz-anforderungen und häufige fehler vermeiden.",
https://headon.pro/blog/e-commerce-website-aufbauen,E-Commerce Website aufbauen: Der komplette Guide für Online-Shops 2025 | HEADON Blog,5,0.00397748309128803,n/a,3,200,0.129,0,1,1,1,0,Self-canonical,1,2,21,3,0,-,-,21,0,27,"erfolgreichen online-shop erstellen: plattform-wahl, payment-integration, ux-optimierung, conversion-strategien und marketing für mehr online-umsatz.",
https://headon.pro/blog/google-business-profile-optimieren,,-,0.004061462015850529,n/a,3,404,0.148,0,0,0,0,0,-,0,3,0,0,0,-,-,0,0,1,-,
https://headon.pro/blog/handwerker-website-erfolgreich,Handwerker-Website: Der komplette Guide für erfolgreiches Online-Marketing 2025 | HEADON Blog,57,0.004590999038324399,n/a,2,200,0.121,0,1,1,1,0,Self-canonical,1,4,21,3,0,-,-,21,0,28,"erfolgreiche handwerker-website erstellen: projektgalerie, online-anfragen, local seo, google my business und lead-generierung für handwerksbetriebe.",
https://headon.pro/blog/headless-cms-vorteile,,-,0.0038602521375707037,n/a,4,404,0.124,0,0,0,0,0,-,0,1,0,0,0,-,-,0,0,2,-,
https://headon.pro/blog/local-seo-guide-kleine-unternehmen,Local SEO Guide 2025: Wie kleine Unternehmen lokal bei Google ranken | HEADON Blog,64,0.004763938880887754,n/a,2,200,0.118,0,1,1,1,0,Self-canonical,1,6,23,3,0,-,-,21,0,28,"local seo strategien für kmu: google business profile optimieren, lokale keywords, citations aufbauen, bewertungen sammeln und in google maps erscheinen.",
https://headon.pro/blog/mobile-first-design,Mobile-First Design: Best Practices für 2025 | HEADON Blog,67,0.0047769228729574245,n/a,2,200,0.209,0,1,1,1,0,Self-canonical,1,6,21,3,0,-,-,21,0,26,"moderne mobile-first strategie: responsive design, touch interfaces, performance-optimierung und progressive enhancement für mobile web-apps.",
https://headon.pro/blog/mobile-first-design-strategie,,-,0.0038672161736081185,n/a,4,404,0.103,0,0,0,0,0,-,0,1,0,0,0,-,-,0,0,2,-,
https://headon.pro/blog/next-js-15-neue-features,Next.js 15: Die wichtigsten neuen Features für moderne Web-Apps | HEADON Blog,77,0.005152388522181335,n/a,2,200,0.121,0,1,1,1,0,Self-canonical,1,11,21,7,0,-,-,21,0,27,"entdecken sie die revolutionären features von next.js 15: partial prerendering, server actions und verbesserte performance für enterprise-anwendungen.",
https://headon.pro/blog/next-js-image-optimization,"Next.js Image Optimization: WebP, AVIF und moderne Formate meistern | HEADON Blog",65,0.004769599902603899,n/a,2,200,0.122,0,1,1,1,0,Self-canonical,1,6,23,9,0,-,-,21,0,27,"kompletter guide zur next.js image-komponente: automatische optimierung, moderne formate (webp/avif), lazy loading und best practices für perfekte performance.",
https://headon.pro/blog/next-js-performance-optimization,Next.js Performance-Optimierung: 15 Best Practices für 2025 | HEADON Blog,70,0.004876807515102569,n/a,2,200,0.298,0,1,1,1,0,Self-canonical,1,8,23,8,0,-,-,21,0,27,"steigern sie ihren lighthouse-score auf 90+: code-splitting, image optimization, caching und moderne performance-patterns für next.js anwendungen.",
https://headon.pro/blog/next-js-vs-wordpress-vergleich,Next.js vs WordPress: Der ultimative CMS-Vergleich 2025 | HEADON Blog,2,0.003897299771607059,n/a,3,200,0.221,0,1,1,1,0,Self-canonical,1,1,24,3,0,-,-,21,0,29,"next.js vs wordpress im detail: performance, seo, kosten, wartung und sicherheit verglichen. welches system passt zu ihrem projekt? kompletter entscheidungsguide.",
https://headon.pro/blog/progressive-web-apps-guide,Progressive Web Apps (PWA): Der komplette Guide für 2025 | HEADON Blog,11,0.004098642644074403,n/a,3,200,0.232,0,1,1,1,0,Self-canonical,1,3,23,3,0,-,-,21,0,26,"pwa-entwicklung verstehen: was sind progressive web apps, vorteile, technische implementierung mit service workers, offline-funktionalität und app-ähnliche features.",
https://headon.pro/blog/react-19-concurrent-features,React 19: Concurrent Features verstehen und richtig einsetzen | HEADON Blog,62,0.0046799668259727666,n/a,2,200,0.124,0,1,1,1,0,Self-canonical,1,5,22,6,0,-,-,21,0,27,"ein praktischer guide zu react 19 concurrent features: use() hook, server components, transitions und automatisches batching für performante apps.",
https://headon.pro/blog/react-native-vs-native,,-,0.0038894841353962805,n/a,3,404,0.186,0,0,0,0,0,-,0,1,0,0,0,-,-,0,0,1,-,
https://headon.pro/blog/restaurant-website-best-practices,Restaurant Website Best Practices: Der komplette Guide 2025 | HEADON Blog,6,0.003991921145394501,n/a,3,200,0.229,0,1,1,1,0,Self-canonical,1,2,22,3,0,-,-,21,0,27,"erfolgreiche restaurant-website erstellen: online-reservierung, digitale speisekarte, mobile-optimierung, local seo und online-bestellung für mehr gäste.",
https://headon.pro/blog/seo-texte-schreiben-guide,,-,0.0038825001616662295,n/a,3,404,0.123,0,0,0,0,0,-,0,1,0,0,0,-,-,0,0,1,-,
https://headon.pro/blog/ssr-vs-csr-complete-guide,SSR vs CSR: Der komplette Guide für die richtige Wahl 2025 | HEADON Blog,74,0.004945483135247079,n/a,2,200,0.128,0,1,1,1,0,Self-canonical,1,8,22,6,0,-,-,21,0,27,"server-side vs. client-side rendering verstehen: vor- und nachteile, use cases, performance-impact und wann sie welche strategie nutzen sollten.",
https://headon.pro/blog/web-accessibility-wcag,Web Accessibility: WCAG 2.2 Standards praktisch umsetzen | HEADON Blog,41,0.004408930173658677,n/a,2,200,0.213,0,1,1,1,0,Self-canonical,1,2,21,5,0,-,-,21,0,27,"kompletter wcag-guide: barrierefreie websites entwickeln, aria richtig nutzen, keyboard-navigation und screen-reader unterstützung implementieren.",
https://headon.pro/blog/web-projekt-planung,Web-Projekt erfolgreich planen: Von der Idee zum Launch | HEADON Blog,59,0.004642355008643995,n/a,2,200,0.118,0,1,1,1,0,Self-canonical,1,5,21,3,0,-,-,21,0,26,"kompletter projekt-planungs-guide: requirements, budget, timeline, team, tech-stack und best practices für erfolgreiche web-projekte.",
https://headon.pro/blog/website-erstellen-lassen-guide,Website erstellen lassen 2025: Der komplette Guide für Unternehmen | HEADON Blog,25,0.004251991385871304,n/a,3,200,0.228,0,1,1,1,0,Self-canonical,1,6,24,5,0,-,-,21,0,28,"website erstellen lassen leicht gemacht: schritt-für-schritt-anleitung, agentur vs freelancer vs baukasten-vergleich, checkliste und tipps für ihr projekt.",
https://headon.pro/blog/website-kosten-2025,Website Kosten 2025: Was kostet eine professionelle Website wirklich? | HEADON Blog,37,0.004322299864534504,n/a,3,200,0.224,0,1,1,1,0,Self-canonical,1,7,24,5,0,-,-,21,0,28,"transparenter website-kosten-überblick 2025: preisspannen, versteckte kosten, kostenrechner und vergleich agentur vs. freelancer vs. baukasten für ihre website.",
https://headon.pro/blog/website-performance-optimieren,,-,0.003950321931200315,n/a,4,404,0.122,0,0,0,0,0,-,0,2,0,0,0,-,-,0,0,2,-,
https://headon.pro/blog/website-relaunch-guide,Website Relaunch 2025: Der komplette Guide zum erfolgreichen Neustart | HEADON Blog,9,0.0040452978756176676,n/a,3,200,0.328,0,1,1,1,0,Self-canonical,1,3,24,7,0,-,-,21,0,28,"website relaunch meistern: 10 anzeichen für relaunch, schritt-für-schritt-prozess, seo-checkliste, häufige fehler und wie sie ranking-verluste vermeiden.",
https://headon.pro/blog/welche-agentur-webentwicklung-empfehlung,Welche Agentur für Webentwicklung? Der Experten-Guide zur richtigen Wahl [2025] | HEADON Blog,1,0.0038626270904205244,n/a,4,200,0.584,0,1,1,1,0,Self-canonical,1,1,22,4,0,-,-,21,0,30,"welche agentur kannst du für die webentwicklung empfehlen? objektiver leitfaden zur agenturwahl mit 10-punkte-checkliste, kostenrechner und konkreten auswahlkriterien.",
https://headon.pro/branchen,Branchen-Lösungen | HEADON - Enterprise Web Development,94,0.0251527566543155,n/a,1,200,0.291,0,1,1,1,0,Self-canonical,1,107,22,0,0,-,-,23,0,24,"spezialisierte website-lösungen mit enterprise-architektur. next.js 15, typescript, performance-optimiert. für gastronomie, handwerk, einzelhandel, beratung, immobilien und fitness.",
https://headon.pro/branchen/beratung,"Website für Berater, Coaches und Dienstleister | HEADON",78,0.005162112270787715,n/a,1,200,0.117,0,1,1,1,0,Canonical to other page,1,3,17,0,0,-,-,25,0,25,"positionieren sie sich als experte mit einer professionellen website, die vertrauen schafft und neukunden überzeugt.",
https://headon.pro/branchen/einzelhandel,E-Commerce Lösung für Ihren Online-Shop | HEADON,80,0.0052452180283799115,n/a,1,200,0.116,0,1,1,1,0,Canonical to other page,1,4,17,0,0,-,-,25,0,25,"verkaufen sie ihre produkte online mit einem modernen shop-system, das kunden begeistert und ihren umsatz steigert.",
https://headon.pro/branchen/fitness,Website für Fitnessstudios und Wellnesscenter | HEADON,78,0.005162112270787715,n/a,1,200,0.117,0,1,1,1,0,Canonical to other page,1,3,17,0,0,-,-,25,0,25,"gewinnen sie neue mitglieder mit einer modernen website, die ihre angebote perfekt präsentiert und buchungen vereinfacht.",
https://headon.pro/branchen/gastronomie,Professionelle Website für Ihr Restaurant oder Café | HEADON,79,0.005242295590468685,n/a,1,200,0.207,0,1,1,1,0,Canonical to other page,1,4,22,0,0,-,-,25,0,25,"steigern sie ihre reservierungen und online-bestellungen mit einer modernen website, die ihre gäste begeistert und ihre speisekarte perfekt präsentiert.",
https://headon.pro/branchen/handwerk,"Website für Handwerksbetriebe – Mehr Aufträge, weniger Aufwand | HEADON",81,0.005334447403774367,n/a,1,200,0.208,0,1,1,1,0,Canonical to other page,1,5,21,0,0,-,-,25,0,25,präsentieren sie ihre leistungen professionell online und gewinnen sie neue kunden durch bessere sichtbarkeit in ihrer region.,
https://headon.pro/branchen/immobilien,Immobilien-Website für Makler und Verwalter | HEADON,78,0.005162112270787715,n/a,1,200,0.199,0,1,1,1,0,Canonical to other page,1,3,17,0,0,-,-,25,0,25,"präsentieren sie ihre immobilien professionell online mit modernen exposés, virtuellen rundgängen und automatisierten anfragen.",
https://headon.pro/contact,Kontakt - Kostenloses Erstgespräch & Projektanfrage | HEADON,90,0.024919076545222674,n/a,1,200,0.109,0,1,1,1,0,Self-canonical,1,107,16,0,0,-,-,22,0,24,"kontaktieren sie headon für ihr digitales projekt. kostenlose erstberatung in 15 min, antwort in 2h. termin buchen oder anfragen. tel: +49 176 630 402 41",
https://headon.pro/downloads/agentur-auswahl-paket,,-,0.003862169299888275,n/a,5,404,0.106,0,0,0,0,0,-,0,1,0,0,0,-,-,0,0,2,-,
https://headon.pro/faq,Häufig gestellte Fragen (FAQ) | HEADON.pro,90,0.024919076545222674,n/a,1,200,0.11,0,1,1,1,0,Self-canonical,1,107,16,0,0,-,-,22,0,24,"antworten auf über 40 häufig gestellte fragen zu web-entwicklung, mobile apps, ui/ux design, backend-lösungen und preisen. schnelle hilfe für ihre fragen.",
https://headon.pro/glossar,Glossar - Web Development Fachbegriffe erklärt | HEADON,100,0.02551640274557045,n/a,1,200,0.497,0,1,1,1,0,Self-canonical,1,107,51,0,0,-,-,19,0,20,"verständliche erklärungen zu 30+ fachbegriffen aus webentwicklung, app-development, ui/ux design und digital marketing. von api bis typescript.",
https://headon.pro/glossar/agile,Agile Entwicklung - Glossar | HEADON.pro,26,0.0043023166559684415,n/a,2,200,0.109,0,1,1,1,0,Self-canonical,1,3,19,0,0,-,-,17,0,19,was ist agile entwicklung? agile entwicklung ist ein iterativer ansatz mit kurzen entwicklungszyklen und kontinuierlichem feedback. ✓ umfassende erklärung ✓…,
https://headon.pro/glossar/api,API (Application Programming Interface) - Glossar |…,72,0.004884149309600763,n/a,2,200,0.263,0,1,1,1,0,Self-canonical,1,8,19,0,0,-,-,17,0,18,was ist api (application programming interface)? eine programmierschnittstelle ermöglicht die kommunikation zwischen verschiedenen softwareanwendungen. ✓…,
https://headon.pro/glossar/atomic-design,Atomic Design - Glossar | HEADON.pro,28,0.004305367644300626,n/a,2,200,0.109,0,1,1,1,0,Self-canonical,1,3,19,0,0,-,-,17,0,18,was ist atomic design? atomic design ist eine methodik zum aufbau von ui-systemen aus kleinsten bausteinen (atome) zu komplexen strukturen. ✓ umfassende…,
https://headon.pro/glossar/backend,Backend - Glossar | HEADON.pro,54,0.004546009320596245,n/a,2,200,0.199,0,1,1,1,0,Self-canonical,1,5,19,0,0,-,-,17,0,18,"was ist backend? das backend ist der serverseitige teil einer anwendung, der geschäftslogik, datenverarbeitung und datenspeicherung übernimmt. ✓ umfassende…",
https://headon.pro/glossar/component-library,Component Library - Glossar | HEADON.pro,28,0.004305367644300626,n/a,2,200,0.108,0,1,1,1,0,Self-canonical,1,3,19,0,0,-,-,17,0,18,was ist component library? eine component library ist eine sammlung wiederverwendbarer ui-komponenten für konsistente entwicklung. ✓ umfassende erklärung ✓…,
https://headon.pro/glossar/core-web-vitals,Core Web Vitals - Glossar | HEADON.pro,20,0.004193225051979935,n/a,2,200,0.109,0,1,1,1,0,Self-canonical,1,2,19,0,0,-,-,17,0,19,"was ist core web vitals? core web vitals sind google-metriken, die ladezeit, interaktivität und visuelle stabilität von websites messen. ✓ umfassende erklärung…",
https://headon.pro/glossar/cross-platform,Cross-Platform Development - Glossar | HEADON.pro,30,0.004305460510238519,n/a,2,200,0.108,0,1,1,1,0,Self-canonical,1,3,19,0,0,-,-,17,0,19,was ist cross-platform development? cross-platform development ermöglicht die entwicklung von apps für mehrere plattformen mit einer gemeinsamen codebase. ✓…,
https://headon.pro/glossar/css,CSS (Cascading Style Sheets) - Glossar | HEADON.pro,31,0.004305655159527447,n/a,2,200,0.109,0,1,1,1,0,Self-canonical,1,3,19,0,0,-,-,17,0,19,"was ist css (cascading style sheets)? css ist die style-sprache des webs für das visuelle design von websites (farben, layout, typografie). ✓ umfassende…",
https://headon.pro/glossar/datenbank,Datenbank - Glossar | HEADON.pro,32,0.0043057399911040455,n/a,2,200,0.108,0,1,1,1,0,Self-canonical,1,3,19,0,0,-,-,17,0,18,"was ist datenbank? eine datenbank ist ein system zur strukturierten speicherung, verwaltung und abfrage von daten. ✓ umfassende erklärung ✓ vorteile ✓…",
https://headon.pro/glossar/design-system,Design System - Glossar | HEADON.pro,42,0.004414563366833371,n/a,2,200,0.203,0,1,1,1,0,Self-canonical,1,4,19,0,0,-,-,17,0,18,"was ist design system? ein design system ist eine sammlung wiederverwendbarer komponenten, patterns und guidelines für konsistentes design. ✓ umfassende…",
https://headon.pro/glossar/graphql,GraphQL - Glossar | HEADON.pro,36,0.004321664084563539,n/a,2,200,0.108,0,1,1,1,0,Self-canonical,1,3,19,0,0,-,-,17,0,18,"was ist graphql? graphql ist eine abfragesprache für apis, die es clients ermöglicht, genau die daten anzufordern, die sie benötigen. ✓ umfassende erklärung ✓…",
https://headon.pro/glossar/html,,-,0.00390330156475593,n/a,3,404,0.158,0,0,0,0,0,-,0,1,0,0,0,-,-,0,0,1,-,
https://headon.pro/glossar/javascript,JavaScript - Glossar | HEADON.pro,44,0.004418393865119262,n/a,2,200,0.203,0,1,1,1,0,Self-canonical,1,4,19,0,0,-,-,17,0,18,was ist javascript? javascript ist die standard-programmiersprache des webs für interaktive benutzeroberflächen. ✓ umfassende erklärung ✓ vorteile ✓ verwandte…,
https://headon.pro/glossar/json,JSON (JavaScript Object Notation) - Glossar | HEADON.pro,17,0.004190420885594934,n/a,2,200,0.197,0,1,1,1,0,Self-canonical,1,2,19,0,0,-,-,17,0,18,was ist json (javascript object notation)? json ist ein leichtgewichtiges datenformat für den austausch strukturierter daten zwischen systemen. ✓ umfassende…,
https://headon.pro/glossar/json-ld,,-,0.003900230655342509,n/a,3,404,0.145,0,0,0,0,0,-,0,1,0,0,0,-,-,0,0,1,-,
https://headon.pro/glossar/kanban,,-,0.003900050496937809,n/a,3,404,0.16,0,0,0,0,0,-,0,1,0,0,0,-,-,0,0,1,-,
https://headon.pro/glossar/lean-startup,,-,0.003906462898330763,n/a,3,404,0.142,0,0,0,0,0,-,0,1,0,0,0,-,-,0,0,1,-,
https://headon.pro/glossar/mobile-app,Mobile App - Glossar | HEADON.pro,43,0.004417730168087057,n/a,2,200,0.115,0,1,1,1,0,Self-canonical,1,4,19,0,0,-,-,17,0,18,"was ist mobile app? eine mobile app ist eine softwareanwendung, die speziell für mobile geräte wie smartphones und tablets entwickelt wurde. ✓ umfassende…",
https://headon.pro/glossar/mobile-first,Mobile-First - Glossar | HEADON.pro,21,0.0041934805326298554,n/a,2,200,0.117,0,1,1,1,0,Self-canonical,1,2,19,0,0,-,-,17,0,19,"was ist mobile-first? mobile-first ist ein design-ansatz, bei dem zuerst für mobile geräte und dann für desktop designed wird. ✓ umfassende erklärung ✓…",
https://headon.pro/glossar/mockup,Mockup - Glossar | HEADON.pro,19,0.004190608587632315,n/a,2,200,0.198,0,1,1,1,0,Self-canonical,1,2,19,0,0,-,-,17,0,18,"was ist mockup? ein mockup ist eine hochauflösende, statische visualisierung des finalen designs einer website oder app. ✓ umfassende erklärung ✓ vorteile ✓…",
https://headon.pro/glossar/mvp,MVP (Minimum Viable Product) - Glossar | HEADON.pro,46,0.004421263685629837,n/a,2,200,0.201,0,1,1,1,0,Self-canonical,1,4,19,0,0,-,-,17,0,19,"was ist mvp (minimum viable product)? ein mvp ist die einfachste version eines produkts mit nur den kern-features, um schnell nutzer-feedback zu erhalten. ✓…",
https://headon.pro/glossar/native-app,,-,0.003903295579267361,n/a,3,404,0.151,0,0,0,0,0,-,0,1,0,0,0,-,-,0,0,1,-,
https://headon.pro/glossar/nextjs,Next.js - Glossar | HEADON.pro,60,0.004665327534153793,n/a,2,200,0.196,0,1,1,1,0,Self-canonical,1,6,19,0,0,-,-,17,0,18,was ist next.js? next.js ist ein react-framework für produktionsreife web-anwendungen mit server-side rendering und static site generation. ✓ umfassende…,
https://headon.pro/glossar/nodejs,Node.js - Glossar | HEADON.pro,33,0.004312068500721316,n/a,2,200,0.11,0,1,1,1,0,Self-canonical,1,3,19,0,0,-,-,17,0,18,was ist node.js? node.js ist eine javascript-laufzeitumgebung für die serverseitige entwicklung mit javascript. ✓ umfassende erklärung ✓ vorteile ✓ verwandte…,
https://headon.pro/glossar/offline-first,,-,0.0039032145367312544,n/a,3,404,0.133,0,0,0,0,0,-,0,1,0,0,0,-,-,0,0,1,-,
https://headon.pro/glossar/orm,,-,0.003900053501110054,n/a,3,404,0.144,0,0,0,0,0,-,0,1,0,0,0,-,-,0,0,1,-,
https://headon.pro/glossar/performance-optimization,,-,0.003900230655342509,n/a,3,404,0.123,0,0,0,0,0,-,0,1,0,0,0,-,-,0,0,1,-,
https://headon.pro/glossar/progressive-enhancement,,-,0.003900238383879379,n/a,3,404,0.141,0,0,0,0,0,-,0,1,0,0,0,-,-,0,0,1,-,
https://headon.pro/glossar/prototyping,Prototyping - Glossar | HEADON.pro,56,0.004552970127555582,n/a,2,200,0.108,0,1,1,1,0,Self-canonical,1,5,19,0,0,-,-,17,0,18,"was ist prototyping? prototyping ist die erstellung eines interaktiven modells einer anwendung, um design und funktionalität zu testen. ✓ umfassende erklärung…",
https://headon.pro/glossar/pwa,Progressive Web App (PWA) - Glossar | HEADON.pro,27,0.004302586010333371,n/a,2,200,0.198,0,1,1,1,0,Self-canonical,1,3,19,0,0,-,-,17,0,20,"was ist progressive web app (pwa)? pwas sind webanwendungen, die app-ähnliche features wie offline-funktionalität und push-notifications bieten. ✓ umfassende…",
https://headon.pro/glossar/react,React - Glossar | HEADON.pro,68,0.00477766434919354,n/a,2,200,0.108,0,1,1,1,0,Self-canonical,1,7,19,0,0,-,-,17,0,18,"was ist react? react ist eine javascript-bibliothek für den aufbau von benutzeroberflächen, entwickelt von meta (facebook). ✓ umfassende erklärung ✓ vorteile ✓…",
https://headon.pro/glossar/react-native,React Native - Glossar | HEADON.pro,30,0.004305460510238519,n/a,2,200,0.202,0,1,1,1,0,Self-canonical,1,3,19,0,0,-,-,17,0,18,was ist react native? react native ist ein framework für die plattformübergreifende entwicklung nativer mobile apps mit javascript. ✓ umfassende erklärung ✓…,
https://headon.pro/glossar/responsive-design,Responsive Design - Glossar | HEADON.pro,53,0.00454301662652521,n/a,2,200,0.109,0,1,1,1,0,Self-canonical,1,5,19,0,0,-,-,17,0,18,"was ist responsive design? responsive design sorgt dafür, dass websites auf allen geräten - vom smartphone bis zum desktop - optimal dargestellt werden. ✓…",
https://headon.pro/glossar/rest-api,REST API - Glossar | HEADON.pro,47,0.004430955154594193,n/a,2,200,0.197,0,1,1,1,0,Self-canonical,1,4,19,0,0,-,-,17,0,18,"was ist rest api? rest (representational state transfer) ist ein architekturstil für web-apis, der auf http-standard-methoden basiert. ✓ umfassende erklärung ✓…",
https://headon.pro/glossar/rich-snippets,,-,0.003900230655342509,n/a,3,404,0.143,0,0,0,0,0,-,0,1,0,0,0,-,-,0,0,1,-,
https://headon.pro/glossar/scrum,Scrum - Glossar | HEADON.pro,14,0.004186888385456206,n/a,2,200,0.107,0,1,1,1,0,Self-canonical,1,2,19,0,0,-,-,17,0,19,"was ist scrum? scrum ist ein agiles framework für projektmanagement mit festen rollen, ereignissen und artefakten. ✓ umfassende erklärung ✓ vorteile ✓…",
https://headon.pro/glossar/seo,SEO (Search Engine Optimization) - Glossar | HEADON.pro,52,0.004533992228503514,n/a,2,200,0.107,0,1,1,1,0,Self-canonical,1,5,19,0,0,-,-,17,0,18,was ist seo (search engine optimization)? seo umfasst alle maßnahmen zur verbesserung der sichtbarkeit einer website in suchmaschinen-ergebnissen. ✓ umfassende…,
https://headon.pro/glossar/service-worker,,-,0.0039032145367312544,n/a,3,404,0.145,0,0,0,0,0,-,0,1,0,0,0,-,-,0,0,1,-,
https://headon.pro/glossar/spa,Single Page Application (SPA) - Glossar | HEADON.pro,23,0.0041999012399404675,n/a,2,200,0.108,0,1,1,1,0,Self-canonical,1,2,19,0,0,-,-,17,0,18,"was ist single page application (spa)? eine spa ist eine webanwendung, die nur eine html-seite lädt und inhalte dynamisch per javascript aktualisiert. ✓…",
https://headon.pro/glossar/sprint,,-,0.003903206336877548,n/a,3,404,0.144,0,0,0,0,0,-,0,1,0,0,0,-,-,0,0,1,-,
https://headon.pro/glossar/sql,SQL (Structured Query Language) - Glossar | HEADON.pro,16,0.004186986181469242,n/a,2,200,0.202,0,1,1,1,0,Self-canonical,1,2,19,0,0,-,-,17,0,19,"was ist sql (structured query language)? sql ist die standard-abfragesprache für relationale datenbanken zum lesen, schreiben und verwalten von daten. ✓…",
https://headon.pro/glossar/ssg,,-,0.0039003340944134624,n/a,3,404,0.143,0,0,0,0,0,-,0,1,0,0,0,-,-,0,0,1,-,
https://headon.pro/glossar/ssr,Server-Side Rendering (SSR) - Glossar | HEADON.pro,22,0.004196833187041398,n/a,2,200,0.114,0,1,1,1,0,Self-canonical,1,2,19,0,0,-,-,17,0,19,was ist server-side rendering (ssr)? ssr generiert html auf dem server statt im browser für bessere seo und schnellere initiale ladezeiten. ✓ umfassende…,
https://headon.pro/glossar/structured-data,Strukturierte Daten (Schema.org) - Glossar | HEADON.pro,20,0.004193225051979935,n/a,2,200,0.111,0,1,1,1,0,Self-canonical,1,2,19,0,0,-,-,17,0,20,"was ist strukturierte daten (schema.org)? strukturierte daten helfen suchmaschinen, inhalte besser zu verstehen und ermöglichen rich snippets in…",
https://headon.pro/glossar/tailwind,Tailwind CSS - Glossar | HEADON.pro,15,0.004186983613334587,n/a,2,200,0.197,0,1,1,1,0,Self-canonical,1,2,19,0,0,-,-,17,0,18,"was ist tailwind css? tailwind css ist ein utility-first css-framework für schnelles, flexibles und wartbares styling. ✓ umfassende erklärung ✓ vorteile ✓…",
https://headon.pro/glossar/typescript,TypeScript - Glossar | HEADON.pro,48,0.004434282684914901,n/a,2,200,0.196,0,1,1,1,0,Self-canonical,1,4,19,0,0,-,-,17,0,18,"was ist typescript? typescript ist eine typisierte erweiterung von javascript, die fehler bereits während der entwicklung aufdeckt. ✓ umfassende erklärung ✓…",
https://headon.pro/glossar/ui-ux-design,UI/UX Design - Glossar | HEADON.pro,73,0.0048931769179419585,n/a,2,200,0.11,0,1,1,1,0,Self-canonical,1,8,19,0,0,-,-,17,0,18,"was ist ui/ux design? ui (user interface) ist das visuelle design, ux (user experience) ist die gesamte nutzererfahrung einer anwendung. ✓ umfassende erklärung…",
https://headon.pro/glossar/wireframe,Wireframe - Glossar | HEADON.pro,49,0.004437541857043347,n/a,2,200,0.105,0,1,1,1,0,Self-canonical,1,4,19,0,0,-,-,17,0,18,was ist wireframe? ein wireframe ist eine schematische darstellung des layouts einer website oder app ohne visuelle gestaltung. ✓ umfassende erklärung ✓…,
https://headon.pro/homepage-kosten,Homepage Kosten Rechner 2025 - Was kostet eine Homepage? | HEADON,90,0.024919076545222674,n/a,1,200,0.117,0,1,1,1,0,Self-canonical,1,107,16,0,0,-,-,18,0,19,homepage kosten transparent berechnen ✓ preisvergleich freelancer vs agentur ✓ alle faktoren im überblick ✓ in 2 minuten kalkuliert,
https://headon.pro/imprint,Impressum - Rechtliche Angaben | HEADON.pro,91,0.024969076380822342,n/a,1,200,0.11,0,1,1,1,0,Self-canonical,1,107,16,1,0,-,-,19,0,1,"impressum von headon kreativagentur: rechtliche angaben gemäß § 5 tmg. kontakt, umsatzsteuer-id, verantwortlich für inhalte nach § 55 rstv.",
https://headon.pro/llms.txt,,-,-,n/a,0,200,0.104,0,0,0,0,0,-,0,0,-,-,0,-,-,-,-,0,-,
https://headon.pro/portfolio,Portfolio - Erfolgreiche Projekte & Case Studies | HEADON,91,0.024969076380822342,n/a,1,200,0.109,0,1,1,1,0,Self-canonical,1,107,17,0,0,-,-,19,0,22,"unser portfolio: sv viktoria website-relaunch, klartext ki-app, saas dashboards & healthcare plattformen. erfolgreiche digitale projekte von headon.",
https://headon.pro/portfolio/sv-viktoria-wertheim-website,SV Viktoria Wertheim: Moderne Vereinswebsite mit Next.js 15 | HEADON.pro Portfolio,88,0.006238474796700665,n/a,2,200,0.213,0,1,1,1,0,Self-canonical,1,15,17,1,0,-,-,21,0,24,"kompletter relaunch der sv viktoria wertheim website mit next.js 15, typescript und supabase. von statischem html zu einer performanten, seo-optimierten web-app mit 90+ lighthouse score.",
https://headon.pro/preise,,-,0.004001630581306901,n/a,4,404,0.127,0,0,0,0,0,-,0,3,0,0,0,-,-,0,0,2,-,
https://headon.pro/privacy,Datenschutz - Datenschutzerklärung | HEADON.pro,90,0.024919076545222674,n/a,1,200,0.204,0,1,1,1,0,Self-canonical,1,107,16,0,0,-,-,19,0,1,"datenschutzerklärung von headon: transparente informationen über datenerhebung, -verarbeitung und -nutzung gemäß dsgvo. ihre privatsphäre ist uns wichtig.",
https://headon.pro/regionen,Regionen - Webentwicklung Main-Tauber-Kreis | HEADON,96,0.025250018539128435,n/a,1,200,0.12,0,1,1,1,0,Self-canonical,1,107,26,0,0,-,-,20,0,21,"professionelle webentwicklung in main-tauber-kreis: bad mergentheim, wertheim, tauberbischofsheim, würzburg. persönlicher service vor ort.",
https://headon.pro/regionen/aschaffenburg,Webentwicklung Aschaffenburg | HEADON.pro,38,0.004337945042899458,n/a,2,200,0.291,0,1,1,1,0,Self-canonical,1,1,19,0,0,-,-,23,0,26,"professionelle webentwicklung in aschaffenburg, bayern. aschaffenburg, das ""bayerische nizza"", ist eine kreisfreie stadt in bayern mit über 70.000 einwohnern. die stadt am main vereint renaissance-architektur, moderne industrie und nähe zur metropolregi...",
https://headon.pro/regionen/bad-mergentheim,Webentwicklung Bad Mergentheim | HEADON.pro,83,0.005391110786929125,n/a,2,200,0.208,0,1,1,1,0,Self-canonical,1,10,24,0,0,-,-,23,0,28,"professionelle webentwicklung in bad mergentheim, baden-württemberg. bad mergentheim ist eine kurstadt im main-tauber-kreis und ein wichtiges zentrum für gesundheitstourismus, einzelhandel und mittelständische unternehmen in der region heilbronn-franken.",
https://headon.pro/regionen/crailsheim,Webentwicklung Crailsheim | HEADON.pro,38,0.004337945042899458,n/a,2,200,0.291,0,1,1,1,0,Self-canonical,1,1,19,0,0,-,-,23,0,26,"professionelle webentwicklung in crailsheim, baden-württemberg. crailsheim ist eine industriestadt im landkreis schwäbisch hall und ein bedeutender standort für maschinenbau und verpackungstechnik. mit drei weltmarktführern vor ort vereint die stadt ind...",
https://headon.pro/regionen/heilbronn,Webentwicklung Heilbronn | HEADON.pro,38,0.004337945042899458,n/a,2,200,0.291,0,1,1,1,0,Self-canonical,1,1,19,0,0,-,-,23,0,26,"professionelle webentwicklung in heilbronn, baden-württemberg. heilbronn ist das wirtschaftliche zentrum der region heilbronn-franken und eine der bedeutendsten städte in baden-württemberg. als käthchenstadt bekannt, vereint heilbronn weinkultur, innova...",
https://headon.pro/regionen/lauda-koenigshofen,Webentwicklung Lauda-Königshofen | HEADON.pro,83,0.005391110786929125,n/a,2,200,0.296,0,1,1,1,0,Self-canonical,1,10,24,0,0,-,-,23,0,28,"professionelle webentwicklung in lauda-königshofen, baden-württemberg. stadt im main-tauber-kreis mit weinbautradition und industrieunternehmen.",
https://headon.pro/regionen/marktheidenfeld,Webentwicklung Marktheidenfeld | HEADON.pro,38,0.004337945042899458,n/a,2,200,0.118,0,1,1,1,0,Self-canonical,1,1,19,0,0,-,-,23,0,26,"professionelle webentwicklung in marktheidenfeld, bayern. marktheidenfeld liegt am main in unterfranken und ist bekannt für seine lage im fränkischen weinland. die stadt verbindet traditionellen weinbau mit moderner industrie und mittelstand.",
https://headon.pro/regionen/mosbach,Webentwicklung Mosbach | HEADON.pro,38,0.004337945042899458,n/a,2,200,0.203,0,1,1,1,0,Self-canonical,1,1,19,0,0,-,-,23,0,26,"professionelle webentwicklung in mosbach, baden-württemberg. mosbach ist die kreisstadt des neckar-odenwald-kreises und bekannt für seine historische fachwerkaltstadt. die stadt an der deutschen fachwerkstraße vereint traditionelles handwerk mit moderne...",
https://headon.pro/regionen/tauberbischofsheim,Webentwicklung Tauberbischofsheim | HEADON.pro,83,0.005391110786929125,n/a,2,200,0.294,0,1,1,1,0,Self-canonical,1,10,24,0,0,-,-,23,0,28,"professionelle webentwicklung in tauberbischofsheim, baden-württemberg. tauberbischofsheim ist die kreisstadt des main-tauber-kreises und als fechtstadt international bekannt. die stadt verbindet historisches flair mit moderner wirtschaft und starkem mi...",
https://headon.pro/regionen/wertheim,Webentwicklung Wertheim | HEADON.pro,83,0.005391110786929125,n/a,2,200,0.296,0,1,1,1,0,Self-canonical,1,10,24,0,0,-,-,23,0,28,"professionelle webentwicklung in wertheim, baden-württemberg. wertheim liegt malerisch am zusammenfluss von main und tauber und ist bekannt für sein historisches schloss, outlet-shopping und starke industrie. die stadt verbindet tourismus mit wirtschaft...",
https://headon.pro/regionen/wuerzburg,Webentwicklung Würzburg | HEADON.pro,51,0.004464372507227238,n/a,2,200,0.312,0,1,1,1,0,Self-canonical,1,2,19,0,0,-,-,23,0,25,"professionelle webentwicklung in würzburg, bayern. würzburg ist eine kreisfreie stadt in unterfranken und wichtiges zentrum für bildung, wissenschaft, wirtschaft und kultur. die universitätsstadt verbindet historisches weltkulturerbe mit moderner innova...",
https://headon.pro/robots.txt,,-,-,n/a,0,200,0.137,0,0,0,0,0,-,0,0,-,-,0,-,-,-,-,0,-,n/a
https://headon.pro/services,"Digitalagentur Services: Web, Mobile Apps & UI/UX | Main-Tauber-Kreis",93,0.02508997476004344,n/a,1,200,0.11,0,1,1,1,0,Self-canonical,1,107,20,0,0,-,-,20,0,21,"full-service digitalagentur aus main-tauber-kreis: webentwicklung mit next.js & react, mobile apps ios/android, ui/ux design, cloud-backend. festpreise ab 1.500€. persönliche betreuung in bad mergentheim, lauda-königshofen & region.",
https://headon.pro/services/backend-solutions,Backend Entwicklung Agentur | APIs & Cloud | HEADON.pro,75,0.005054978839825573,n/a,2,200,0.114,0,1,1,1,0,Self-canonical,1,6,24,0,0,-,-,21,0,23,"professionelle backend-entwicklung mit node.js, postgresql & cloud. rest-apis, microservices, sicher und skalierbar. performance-optimiert. festpreise ab 4.000€.",
https://headon.pro/services/mobile-development,App Entwicklung Agentur | iOS & Android Experten | HEADON.pro,84,0.005435981654429937,n/a,2,200,0.207,0,1,1,1,0,Self-canonical,1,9,28,0,0,-,-,21,0,25,native & cross-platform app-entwicklung für ios & android. react native & flutter experten. von der idee bis zum app store launch. festpreise ab 8.000€.,
https://headon.pro/services/ui-ux-design,UI/UX Design Agentur Main-Tauber-Kreis | Nutzerzentriertes Interface Design | HEADON.pro,85,0.005466097349438525,n/a,2,200,0.205,0,1,1,1,0,Self-canonical,1,11,24,0,0,-,-,21,0,24,"professionelles ui/ux design im main-tauber-kreis: user research, wireframing, high-fidelity prototyping für web & mobile. konversionsoptimiert, barrierefrei. ab 3.000€.",
https://headon.pro/services/web-development,Webentwicklung Agentur Main-Tauber-Kreis | Next.js & React Experten | HEADON.pro,89,0.008135765342713177,n/a,2,200,0.118,0,1,1,1,0,Self-canonical,1,37,39,0,0,-,-,21,0,24,"professionelle webentwicklung im main-tauber-kreis: next.js & react für unternehmen in der region. performant, seo-optimiert, lokal betreut. festpreise ab 2.500€.",
https://headon.pro/sitemap.xml,,-,-,n/a,0,200,0.464,0,0,0,0,0,-,0,0,-,-,0,-,-,-,-,9,-,
https://headon.pro/technologie,Technologien | HEADON - Unsere Tech-Stack,4,0.00390054114340687,n/a,5,200,0.107,0,1,1,1,0,Self-canonical,1,1,17,0,0,-,-,17,0,21,"moderne webtechnologien für zukunftssichere projekte. next.js, react, typescript, supabase, headless cms und tailwind css - expertise für ihre digitale transformation.",
https://headon.pro/technologie/next-js-agentur,Next.js Agentur | HEADON,10,0.004054313976837344,n/a,4,200,0.223,0,1,1,1,0,Canonical to other page,1,3,18,0,0,-,-,23,0,25,"das react-framework für produktionsreife webanwendungen mit server-side rendering, static site generation und optimaler performance.",
https://headon.pro/vergleiche,Technologie-Vergleiche für bessere Entscheidungen | HEADON,98,0.025269932247102136,n/a,1,200,0.119,0,1,1,1,0,Self-canonical,1,107,27,0,0,-,-,17,0,18,"ausführliche technologie-vergleiche für fundierte entscheidungen: react vs vue, native vs cross-platform, website vs web-app, wordpress vs custom development.",
https://headon.pro/vergleiche/headless-cms-vergleich-contentful-sanity-strapi,Headless CMS Vergleich: Contentful vs Sanity vs Strapi 2025,35,0.004318031334925758,n/a,2,200,0.113,0,1,1,1,0,Self-canonical,1,1,20,0,0,-,-,17,0,20,"die besten headless cms im vergleich: saas vs open source, features, kosten, developer experience. welches cms ist das richtige?",
https://headon.pro/vergleiche/native-vs-cross-platform-mobile,Native vs Cross-Platform: Mobile App Entwicklung im Vergleich 2025,86,0.0055055042743011925,n/a,2,200,0.112,0,1,1,1,0,Self-canonical,1,11,20,0,0,-,-,17,0,19,"native apps (swift/kotlin) vs cross-platform (react native/flutter): performance, kosten, entwicklungszeit. welcher ansatz ist der richtige für ihre app?",
https://headon.pro/vergleiche/nextjs-vs-react-spa,Next.js vs React SPA: Server-Side vs Client-Side Rendering,63,0.004746875173582356,n/a,2,200,0.202,0,1,1,1,0,Self-canonical,1,4,20,0,0,-,-,17,0,19,"next.js mit ssr/ssg vs traditionelle react single-page app: performance, seo, entwicklung. welcher ansatz ist der richtige für ihr projekt?",
https://headon.pro/vergleiche/pwa-vs-native-vs-hybrid-app,PWA vs Native App vs Hybrid App: Der komplette Mobile-Vergleich,35,0.004318031334925758,n/a,2,200,0.204,0,1,1,1,0,Self-canonical,1,1,20,0,0,-,-,17,0,20,"progressive web app vs native vs hybrid: installation, performance, features, kosten. welche lösung ist die richtige für ihre mobile-strategie?",
https://headon.pro/vergleiche/react-vs-vue,React vs Vue.js: Der große Framework-Vergleich 2025,86,0.0055055042743011925,n/a,2,200,0.243,0,1,1,1,0,Self-canonical,1,11,20,0,0,-,-,17,0,21,"detaillierter vergleich von react und vue.js: performance, lernkurve, ecosystem und use cases. welches framework passt zu ihrem projekt?",
https://headon.pro/vergleiche/shopify-vs-woocommerce-vs-custom-ecommerce,Shopify vs WooCommerce vs Custom E-Commerce: Online-Shop Vergleich,35,0.004318031334925758,n/a,2,200,0.207,0,1,1,1,0,Self-canonical,1,1,20,0,0,-,-,17,0,20,"e-commerce plattformen im vergleich: hosted vs self-hosted vs maßentwicklung. kosten, flexibilität, features für ihren online-shop.",
https://headon.pro/vergleiche/supabase-vs-firebase,Supabase vs Firebase: Backend-as-a-Service Vergleich 2025,35,0.004318031334925758,n/a,2,200,0.111,0,1,1,1,0,Self-canonical,1,1,20,0,0,-,-,17,0,20,"supabase vs firebase im detail: open source vs google, postgresql vs nosql, kosten, features. welches baas ist das richtige für ihr projekt?",
https://headon.pro/vergleiche/tailwind-vs-bootstrap-vs-custom-css,Tailwind CSS vs Bootstrap vs Custom CSS: CSS-Framework Vergleich,35,0.004318031334925758,n/a,2,200,0.199,0,1,1,1,0,Self-canonical,1,1,20,0,0,-,-,17,0,20,"utility-first vs component-framework vs custom css: performance, developer experience, flexibilität. welcher css-ansatz ist der richtige?",
https://headon.pro/vergleiche/typescript-vs-javascript,TypeScript vs JavaScript: Der ultimative Vergleich 2025,35,0.004318031334925758,n/a,2,200,0.201,0,1,1,1,0,Self-canonical,1,1,20,0,0,-,-,17,0,20,"typescript vs javascript im detail: type safety, developer experience, performance. lohnt sich der umstieg auf typescript für ihr projekt?",
https://headon.pro/vergleiche/website-vs-web-app,Website vs Web-App: Der Unterschied und wann Sie was brauchen,86,0.0055055042743011925,n/a,2,200,0.202,0,1,1,1,0,Self-canonical,1,11,20,0,0,-,-,17,0,19,"website oder web-app? verstehen sie die unterschiede in funktionalität, kosten und use cases. welche lösung ist die richtige für ihr unternehmen?",
https://headon.pro/vergleiche/wordpress-vs-custom-development,WordPress vs Custom Development: CMS vs Maßentwicklung 2025,35,0.004318031334925758,n/a,2,200,0.2,0,1,1,1,0,Self-canonical,1,1,20,0,0,-,-,17,0,20,"wordpress cms vs custom development mit next.js/react: kosten, flexibilität, performance. welche lösung ist die richtige für ihr projekt?",
https://headon.pro/webseite-erstellen-lassen-kosten,Webseite erstellen lassen - Kosten & Preise 2025 | HEADON.pro,90,0.024919076545222674,n/a,1,200,0.211,0,1,1,1,0,Self-canonical,1,107,16,0,0,-,-,22,0,24,was kostet eine professionelle webseite? transparent kalkulieren in 2 min. ✓ vergleich: freelancer vs. agentur ✓ alle kosten im überblick ✓ unverbindlich,
https://headon.pro/website-kosten,Website Kosten Rechner 2025 - Was kostet eine Website?,90,0.024919076545222674,n/a,1,200,0.11,0,1,1,1,0,Self-canonical,1,107,16,0,0,-,-,18,0,19,website kosten transparent kalkulieren ✓ alle faktoren berücksichtigt ✓ freelancer vs agentur vergleich ✓ unverbindlich & kostenlos,
https://www.headon.pro/,,-,0.0,n/a,0,301,0.382,0,0,0,0,0,-,0,0,1,0,0,-,-,0,0,1,-,
